{"cameraMode":{"drawMode":0,"name":"Shaded","section":"Shading Mode"},"sceneLighting":false,"audioPlay":false,"sceneViewState":{"showFog":true,"showMaterialUpdate":false,"showSkybox":false,"showFlares":true,"showImageEffects":true,"showParticleSystems":true,"showVisualEffectGraphs":true,"m_FxEnabled":true},"in2DMode":false,"pivot":{"x":-3.3397669792175295,"y":1.6596258878707886,"z":0.3049962520599365},"rotation":{"x":-0.12144029140472412,"y":0.03334213048219681,"z":-0.004081697203218937,"w":-0.992030918598175},"size":1.4025814533233643,"orthographic":false}